{"name":"731ee506-c688-4048-aba8-ed371da18455","id":"/providers/Microsoft.Flow/flows/731ee506-c688-4048-aba8-ed371da18455","type":"Microsoft.Flow/flows","properties":{"apiId":"/providers/Microsoft.PowerApps/apis/shared_logicflows","displayName":"teste","definition":{"metadata":{"workflowEntityId":null,"processAdvisorMetadata":null,"flowChargedByPaygo":null,"flowclientsuspensionreason":"None","flowclientsuspensiontime":null,"flowclientsuspensionreasondetails":null,"creator":{"id":"ccf77edd-8dd9-4235-a407-f4e90caab3db","type":"User","tenantId":"6f5032be-afac-4bf4-8ee5-6049b26b012c"},"provisioningMethod":"FromDefinition","failureAlertSubscription":true,"clientLastModifiedTime":"2024-10-27T15:42:58.6209609Z","connectionKeySavedTimeKey":"2024-10-27T15:42:58.6209609Z"},"$schema":"https://schema.management.azure.com/providers/Microsoft.Logic/schemas/2016-06-01/workflowdefinition.json#","contentVersion":"undefined","parameters":{"$authentication":{"defaultValue":{},"type":"SecureObject"},"$connections":{"defaultValue":{},"type":"Object"}},"triggers":{"manual":{"type":"Request","kind":"Button","inputs":{"schema":{"type":"object","properties":{},"required":[]}}}},"actions":{"Obter_Projetos":{"runAfter":{},"type":"OpenApiConnection","inputs":{"parameters":{"dataset":"https://vitasyssolutions.sharepoint.com/sites/VITASYS","table":"68bf8094-64b4-4786-8b17-edc37b2c007d"},"host":{"apiId":"/providers/Microsoft.PowerApps/apis/shared_sharepointonline","connectionName":"shared_sharepointonline","operationId":"GetItems"},"authentication":{"value":"@json(decodeBase64(triggerOutputs().headers['X-MS-APIM-Tokens']))['$ConnectionKey']","type":"Raw"}}},"For_each":{"foreach":"@outputs('Obter_Projetos')?['body/value']","actions":{"Exportação_para_Arquivo_para_Relatórios_do_Power_BI":{"type":"OpenApiConnection","inputs":{"parameters":{"groupid":"myworkspace","reportid":"c323a66c-3944-48c7-a0d1-44042a188882","ExportPayloadPowerBIReport/format":"PNG","ExportPayloadPowerBIReport/PowerBIReportExportConfiguration/identities":[{"username":"@item()?['Solicitante_x003a__x0020_email/Value']","datasets":["88d00146-70e1-44f7-8510-95c9bf76f64e"],"roles":["@item()?['Nome']"]}]},"host":{"apiId":"/providers/Microsoft.PowerApps/apis/shared_powerbi","connectionName":"shared_powerbi","operationId":"InitiateExportToFileForPbiReports"},"authentication":{"value":"@json(decodeBase64(triggerOutputs().headers['X-MS-APIM-Tokens']))['$ConnectionKey']","type":"Raw"}}},"Enviar_um_email_(V2)":{"runAfter":{"Exportação_para_Arquivo_para_Relatórios_do_Power_BI":["Succeeded"]},"type":"OpenApiConnection","inputs":{"parameters":{"emailMessage/To":"@item()?['Solicitante_x003a__x0020_email/Value']","emailMessage/Subject":"Report Diário","emailMessage/Body":"<p>Olá,</p>\n<p>Segue abaixo a imagem do relatório referente ao projeto @{item()?['Nome']}:</p>\n<img alt=\"Relatório do Projeto\" src=\"data:image/png;base64,@{base64(body('Exportação_para_Arquivo_para_Relatórios_do_Power_BI'))}\">\n<p>Atenciosamente,<br>Assistente Virtual</p>\n","emailMessage/Bcc":"israelar@msn.com"},"host":{"apiId":"/providers/Microsoft.PowerApps/apis/shared_office365","connectionName":"shared_office365","operationId":"SendEmailV2"},"authentication":{"value":"@json(decodeBase64(triggerOutputs().headers['X-MS-APIM-Tokens']))['$ConnectionKey']","type":"Raw"}}}},"runAfter":{"Obter_Projetos":["Succeeded"]},"type":"Foreach"}}},"connectionReferences":{"shared_sharepointonline":{"connectionName":"3b086a27f58245918d22caf1d694380b","source":"Invoker","id":"/providers/Microsoft.PowerApps/apis/shared_sharepointonline","tier":"NotSpecified"},"shared_powerbi":{"connectionName":"shared-powerbi-ad71575e-c940-4116-b4d8-487374bcadb1","source":"Invoker","id":"/providers/Microsoft.PowerApps/apis/shared_powerbi","tier":"NotSpecified"},"shared_office365":{"connectionName":"dd9f6a3f486043e595533b71209ada84","source":"Invoker","id":"/providers/Microsoft.PowerApps/apis/shared_office365","tier":"NotSpecified"}},"flowFailureAlertSubscribed":false,"isManaged":false}}